name,email,hw1,hw2,hw3,hw4,hw5,midterm,final
Ana Lopez,ana.lopez@example.com,85,74,,73,,72,75
Ben Kim,ben.kim@example.com,98,96,100,70,,100,91
Cara Nguyen,cara.nguyen@example.com,82,82,67,65,80,72,73
Daniel Patel,daniel.patel@example.com,96,100,100,82,84,91,91
Elena Garcia,elena.garcia@example.com,81,81,73,69,60,61,61
Farah Ali,farah.ali@example.com,92,95,88,96,84,71,95
George Chen,george.chen@example.com,75,74,78,72,76,79,71
Hana Sato,hana.sato@example.com,65,76,79,83,85,73,76
Isaac Brown,isaac.brown@example.com,81,92,,78,99,81,72
Jasmine Reyes,jasmine.reyes@example.com,,64,82,56,81,74,67
Kevin Tran,kevin.tran@example.com,89,,,86,84,81,87
Lina Haddad,lina.haddad@example.com,73,81,88,47,76,69,61
Marcus Johnson,marcus.johnson@example.com,92,93,97,,99,100,81
Nora Silva,nora.silva@example.com,75,83,71,78,96,85,59
Omar Farouk,omar.farouk@example.com,80,90,,87,84,64,61
Priya Shah,priya.shah@example.com,100,90,94,92,97,78,74
Quinn Murphy,quinn.murphy@example.com,58,53,63,63,75,39,52
Rosa Martinez,rosa.martinez@example.com,90,86,100,77,100,83,75
Sam Okafor,sam.okafor@example.com,100,97,100,86,97,96,85
Tara Wilson,tara.wilson@example.com,91,100,86,93,76,95,72
